﻿<?xml version="1.0" encoding="utf-8" ?>
<english>
  <gameTitle string="Galactic Assault" />
  <start string="Press any button to begin" />
  <survivalModeName string="Survival" />
  <storyModeName string="Story (in development)" />
  <integrity string="Integrity" />
  <gunHeat string="Heat" />
  <cooling string="COOLING" />
  <spawnersDestroyed string="Portals Destroyed" />
  <enemiesKilled string="Enemies Killed" />
  <survivalWave string="Wave" />
  <credits string="Credits" />
  <metal string="Metal" />
  <paused string="PAUSED" />
  <resume string="Resume" />
  <settings string="Settings" />
  <quit string="Quit" />
  <quitToMain string="Quit to Main Menu" />
  <quitToDesktop string="Quit to Desktop" />
  <confirmQuit string="Are you sure you want to quit the game?" />
  <confirmQuitToMain string="Are you sure you want to return to the main menu?" />
  <yes string="Yes" />
  <no string="No" />
  <audio string="Audio" />
  <masterVolume string="Master Volume" />
  <musicVolume string="Music Volume" />
  <soundVolume string="Sound Volume" />
  <cancel string="Cancel" />
  <revert string="Revert" />
  <accept string="Accept" />
  <death string="You died" />
  <playAgain string="Play Again" />
</english>