﻿<?xml version="1.0" encoding="utf-8" ?>
<pirate>
  <general>
    <gameTitle string="Galactic Assault" />
    <storyModeName string="Story (preparing for maiden voyage)" />
    <survivalModeName string="Survival" />
    <settings string="Riggin's" />
    <quit string="Jump Ship" />
    <quitToMain string="Change Course" />
    <quitToDesktop string="Jump Ship" />
    <confirmQuit string="Are ye sure ye want ta give yer ship up to these mutinous swine?" />
    <confirmQuitToMain string="Are ye sure ye want ta go back to yer quarters and plot a new course?" />
    <yes string="Aye" />
    <no string="Nay" />
    <cancel string="Cancel" />
    <accept string="Accept" />
    <death string="Yer Smithereens, Now" />
    <credits string="Booty" />
    <metal string="Rum" />
  </general>
  <mainMenu>
    <start string="Press somethin' to set out" />
  </mainMenu>
  <settingsMenu>
    <audio string="Audio" />
    <masterVolume string="Master Volume" />
    <musicVolume string="Music Volume" />
    <soundVolume string="Sound Volume" />
    <revert string="Revert" />
  </settingsMenu>
  <pauseMenu>
    <paused string="DOCKED" />
    <resume string="Retake the Wheel" />
  </pauseMenu>
  <survivalDeathMenu>
    <playAgain string="Start Anew" />
  </survivalDeathMenu>
  <survival>
    <integrity string="Hull" />
    <gunHeat string="Cannons" />
    <cooling string="RELOADING" />
    <spawnersDestroyed string="Harbors Burnt" />
    <enemiesKilled string="Dogs Sent to the Deep" />
    <survivalWave string="Wave" />
  </survival>
</pirate>