﻿<?xml version="1.0" encoding="utf-8" ?>
<français>
  <general>
    <gameTitle string="Galactic Assault" />
    <storyModeName string="Mode Histoire (pas prêt)" />
    <survivalModeName string="Mode Survie" />
    <settings string="Paramètres" />
    <quit string="Quitter" />
    <quitToMain string="Retourner au Menu" />
    <quitToDesktop string="Quitter le jeu" />
    <confirmQuit string="Êtes-vous certain(e) de vouloir quitter le jeu ?" />
    <confirmQuitToMain string="Êtes-vous certain(e) de vouloir retourner au menu principal ?" />
    <yes string="Oui" />
    <no string="Non" />
    <cancel string="Annuler" />
    <accept string="Accepter" />
    <back string="Retourner" />
    <death string="Vous êtes mort(e)" />
    <credits string="Crédits" />
    <metal string="Métal" />
    <join string="Appuyez sur A pour rejoindre" />
  </general>
  <mainMenu>
    <start string="Appuyez sur n'importe quel bouton pour lancer" />
  </mainMenu>
  <settingsMenu>
    <audio string="Audio" />
    <game string="Jeu" />
    <masterVolume string="Volume principal" />
    <musicVolume string="Volume de musique" />
    <soundVolume string="Volume de sons" />
    <aimLine string="Ligne de visée" />
    <revert string="Restaurer" />
  </settingsMenu>
  <pauseMenu>
    <paused string="PAUSE" />
    <resume string="Reprendre" />
  </pauseMenu>
  <survivalDeathMenu>
    <playAgain string="Relancer" />
  </survivalDeathMenu>
  <survival>
    <integrity string="Integrity" />
    <gunHeat string="Heat" />
    <cooling string="COOLING" />
    <spawnersDestroyed string="Portails détruits" />
    <enemiesKilled string="Ennemis tués" />
    <survivalWave string="Groupe" />
  </survival>
  <buttonHints>
    <shoot string="Tirer" />
    <changeWeapon string="Changer d'arme" />
  </buttonHints>
</français>
