<?xml version="1.0" encoding="UTF-8"?>
<input>
  <kbm>
    <axis name="Move" horizontalPos="D" horizontalNeg="A" verticalPos="W" verticalNeg="S" />
    <button name="Fire" pos="Mouse_Left" />
    <button name="Interact" pos="E" />
    <button name="Submit" pos="E" altPos="Space" />
    <button name="Cancel" pos="Escape" altPos="Tab" />
    <button name="Pause" pos="Escape" />
    <button name="Weapon 0" pos="Alpha1" />
    <button name="Weapon 1" pos="Alpha2" />
    <button name="Weapon 2" pos="Alpha3" />
    <button name="Weapon 3" pos="Alpha4" />
  </kbm>

  <gamepad>
    <axis name="Move" horizontal="ThumbSticks_Left_X" vertical="ThumbSticks_Left_Y" />
    <axis name="Look" horizontal="ThumbSticks_Right_X" vertical="ThumbSticks_Right_Y" />
    <axisButton name="Fire" pos="ThumbSticks_Right_X" altPos="ThumbSticks_Right_Y" activation="0.9" />
    <button name="Submit" pos="A" />
    <button name="Cancel" pos="B" />
    <button name="Pause" pos="Start" />
    <button name="Interact" pos="A" />
    <button name="Freeze Movement" pos="RightShoulder" />
    <button name="Weapon 0" pos="DPad_Up" />
    <button name="Weapon 1" pos="DPad_Right" />
    <button name="Weapon 2" pos="DPad_Down" />
    <button name="Weapon 3" pos="DPad_Left" />
  </gamepad>
</input>
