<?xml version="1.0"?>
<doc>
    <assembly>
        <name>JTConsole</name>
    </assembly>
    <members>
        <member name="T:JTConsole.DisplaySettings">
            <summary>
            Wrapper class for all settings concerning the Display
            class of JTConsole.
            </summary>
        </member>
        <member name="P:JTConsole.DisplaySettings.TextColor">
            <summary>
            The text color of the console.
            </summary>
        </member>
        <member name="P:JTConsole.DisplaySettings.BackgroundColor">
            <summary>
            The background color of the console.
            </summary>
        </member>
        <member name="P:JTConsole.DisplaySettings.WordWrap">
            <summary>
            Whether the text sent through the Display class' write operations
            should wrap. Note that if this is false, there will be no limit
            to how far off the console a line will be allowed to write. Also note
            that strings are only word wrapped when sent through a write
            method all at once. For example, if you use Display.Write()
            20 times to print out elements of a list, that list will NOT be word wrapped.
            However, if you send all those elements to a string, and then pass
            that string as the argument to Display.Write(), the list then WILL be 
            word wrapped.
            </summary>
        </member>
        <member name="P:JTConsole.DisplaySettings.MaxCharactersPerLine">
            <summary>
            If word wrap is true, this is how many characters are allowed,
            at maximum, on a single line.
            </summary>
        </member>
        <member name="P:JTConsole.DisplaySettings.IncludeCaretOnInputPrompt">
            <summary>
            Whenever Input class' prompt methods are used, this decides whether
            the user is given a small Caret before their input. That's to say,
            when enabled, their prompt would end with this: "> ".
            </summary>
        </member>
        <member name="P:JTConsole.DisplaySettings.IndentAmount">
            <summary>
            Represents how many times the messages sent to the console
            should be indented. An indent is 3 spaces.
            </summary>
        </member>
        <member name="P:JTConsole.DisplaySettings.ClearScreenForInput">
            <summary>
            If this is true, the screen will be cleared whenever a prompt
            method is used from the Input class. This can help to keep the
            user focused on the prompt that's important at the time and
            reduces clutter on the screen. Also, the program will
            wait for the user to press a key before clearing, in the event
            they need to read something between prompts.
            </summary>
        </member>
        <member name="T:JTConsole.Display">
            <summary>
            Provides methods and properties for writing to and 
            manipulating the display.
            </summary>
        </member>
        <member name="P:JTConsole.Display.LastMessage">
            <summary>
            The last message that was sent to the console via this 
            class' methods. This string contains any of the modifications
            performed by this class, such as indents, word wrapping,
            and modifications inherent to the different methods (added new lines,
            etc.).
            </summary>
        </member>
        <member name="P:JTConsole.Display.LastMessageNoIndents">
            <summary>
            Returns the trimmed version of LastMessage.
            </summary>
        </member>
        <member name="P:JTConsole.Display.LastMessageEndsInNewLine">
            <summary>
            Returns true if the LastMessage ended in a new line.
            </summary>
        </member>
        <member name="P:JTConsole.Display.LastMessageValid">
            <summary>
            Returns true if LastMessage is not null and not empty.
            </summary>
        </member>
        <member name="P:JTConsole.Display.NumCharsAddedFromIndent">
            <summary>
            Returns the number of chars that would be added from an indent operation.
            This number is equal the IndentAmount times the number of spaces
            per indent (3).
            </summary>
        </member>
        <member name="M:JTConsole.Display.OnWrite(System.String)">
            <summary>
            Called whenever a write operation is performed. The string given to the
            method is the string after any modification it receives from the
            write operation.
            </summary>
        </member>
        <member name="M:JTConsole.Display.AutoIndent(System.String)">
            <summary>
            Called on every write operation. Makes sure the indent amount is applied
            to messages sent through this class' write methods. Only executes if there
            is an IndentAmount.
            </summary>
            <param name="s"></param>
            <returns></returns>
        </member>
        <member name="M:JTConsole.Display.Indent(System.String)">
            <summary>
            Returns a copy of the given string with a prepended indent.
            </summary>
            <param name="s"></param>
            <returns></returns>
        </member>
        <member name="M:JTConsole.Display.WordWrap(System.String)">
            <summary>
            Word wraps the string, if word wrapping is enabled. Also invokes
            the auto indent and ensures it works with word wrapping.
            </summary>
            <param name="s"></param>
            <returns></returns>
        </member>
        <member name="M:JTConsole.Display.Clear">
            <summary>
            Clears the console window of all text.
            </summary>
        </member>
        <member name="M:JTConsole.Display.WaitClear">
            <summary>
            Waits for the user to press a key, then
            clears the screen.
            </summary>
        </member>
        <member name="M:JTConsole.Display.Write(System.String)">
            <summary>
            Writes the string to the console with minimal modification.
            </summary>
            <param name="s"></param>
        </member>
        <member name="M:JTConsole.Display.Write(System.String,System.Int32)">
            <summary>
            Works like the Write method, but allows a temporary indent amount
            to apply to this write operation.
            </summary>
            <param name="s"></param>
            <param name="indentAmount"></param>
        </member>
        <member name="M:JTConsole.Display.WriteBlock(System.String)">
            <summary>
            Writes the string to the console with one line of space above
            and below the string.
            </summary>
            <param name="s"></param>
        </member>
        <member name="M:JTConsole.Display.WriteBlock(System.String,System.Int32)">
            <summary>
            Works like the WriteBlock method, but allows a temporary indent amount
            to be applied just to this write operation.
            </summary>
            <param name="s"></param>
            <param name="indentAmount"></param>
        </member>
        <member name="M:JTConsole.Display.WriteLine(System.String)">
            <summary>
            Writes the string to the console and advances the cursor to the
            next line.
            </summary>
            <param name="s"></param>
        </member>
        <member name="M:JTConsole.Display.WriteLine(System.String,System.Int32)">
            <summary>
            Works like the WriteLine method, but allows a temporary indent amount
            to be used just for this write operation.
            </summary>
            <param name="s"></param>
            <param name="indentAmount"></param>
        </member>
        <member name="M:JTConsole.Display.WriteDoubleLine(System.String)">
            <summary>
            Writes the string to the console and advances the cursor two lines.
            </summary>
            <param name="s"></param>
        </member>
        <member name="M:JTConsole.Display.WriteDoubleLine(System.String,System.Int32)">
            <summary>
            Works like the WriteDoubleLine method, but allows a temporary indent amount
            to be used just for this write operation.
            </summary>
            <param name="s"></param>
            <param name="indentAmount"></param>
        </member>
        <member name="M:JTConsole.Display.WriteInverseLine(System.String)">
            <summary>
            Writes the string to the console with a new line added before it.
            </summary>
            <param name="s"></param>
        </member>
        <member name="M:JTConsole.Display.WriteInverseLine(System.String,System.Int32)">
            <summary>
            Works like the WriteInverseLine method, but allows a temporary 
            indent amount to be used just for this write operation.
            </summary>
            <param name="s"></param>
            <param name="indentAmount"></param>
        </member>
        <member name="M:JTConsole.Display.WriteInverseDoubleLine(System.String)">
            <summary>
            Writes the string to the console with two new lines added before it.
            </summary>
            <param name="s"></param>
        </member>
        <member name="M:JTConsole.Display.WriteInverseDoubleLine(System.String,System.Int32)">
            <summary>
            Works like the WriteInverseDoubleLine method, but allows a temporary
            indent amount to be used just for this write operation.
            </summary>
            <param name="s"></param>
            <param name="indentAmount"></param>
        </member>
        <member name="T:JTConsole.Input">
            <summary>
            Allows input gathering. To add commands and their corresponding
            actions, add elements to the Commands dictionary. Note that all
            prompts that analyse the input string to extrapolate a command
            and args has the potential to throw MisformattedInputException.
            </summary>
        </member>
        <member name="P:JTConsole.Input.Commands">
            <summary>
            All the commands, with their corresponding actions, for your 
            program. The string[] are all valid strings that can be 
            submitted to the console by the user to invoke the Action.
            </summary>
        </member>
        <member name="P:JTConsole.Input.Line">
            <summary>
            The full line that was received the last time a prompt was invoked.
            If you're going to use this to parse a command and args from it,
            use this class' Args, Arg, and Cmd properties instead, as the
            string parsing has already been done for you.
            </summary>
        </member>
        <member name="P:JTConsole.Input.Args">
            <summary>
            Whenever a user responds to a prompt, all gathered args are
            put here. You can therefore write your command actions to 
            respond to these args, as they'll be current at the time
            of the action invocation.
            </summary>
        </member>
        <member name="P:JTConsole.Input.Arg">
            <summary>
            Shorthand for Args[0].
            </summary>
        </member>
        <member name="P:JTConsole.Input.Cmd">
            <summary>
            The current command held as a result of a prompt.
            </summary>
        </member>
        <member name="M:JTConsole.Input.PartitionString(System.String)">
            <summary>
            Partitions the provided string, setting the cmd and args of this class
            for use. Throws an exception if there was a problem with the formatting.
            </summary>
            <param name="s"></param>
        </member>
        <member name="M:JTConsole.Input.ExecuteCommand(System.String)">
            <summary>
            Executes the provided command. Returns whether the provided
            command is a valid command for the program.
            </summary>
            <param name="cmd"></param>
            <returns></returns>
        </member>
        <member name="M:JTConsole.Input.WaitBeforeScreenClear">
            <summary>
            Makes the program hang until the user presses a key. To be used
            to wait at the top of any prompt.
            </summary>
        </member>
        <member name="M:JTConsole.Input.IsKnownCommand(System.String)">
            <summary>
            Returns whether the provided string is a known command for the program.
            </summary>
            <param name="cmd"></param>
            <returns></returns>
        </member>
        <member name="M:JTConsole.Input.SimplePrompt">
            <summary>
            Provides a basic prompt for the user and returns whether the input's
            command is a valid command for the program.
            If you want access to the user's input that came from the prompt,
            use this class' Cmd, Args, Line, etc. properties.
            
            Can throw a MisformattedInputException.
            </summary>
            <returns></returns>
        </member>
        <member name="M:JTConsole.Input.SimplePrompt(System.Boolean)">
            <summary>
            Provides a basic prompt for the user and allows you to specify whether
            a Caret will be given to the user. This choice overrides the 
            display setting. Returns whether the received input was actionable.
            If you want access to the user's input that came from the prompt,
            use this class' Cmd, Args, Line, etc. properties.
            
            Can throw a MisformattedInputException.
            </summary>
            <param name="includeCaret"></param>
            <returns></returns>
        </member>
        <member name="M:JTConsole.Input.Prompt(System.String)">
            <summary>
            Prompts the user for input and lets you provide a custom prompt. 
            Returns whether the received input was actionable based on the program's
            valid commands.
            If you want access to the user's input that came from the prompt,
            use this class' Cmd, Args, Line, etc. properties.
            
            Can throw a MisformattedInputException.
            </summary>
            <param name="prompt"></param>
            <returns></returns>
        </member>
        <member name="M:JTConsole.Input.Prompt(System.String,System.Boolean)">
            <summary>
            Like the Prompt method, but you can force hiding/showing the Caret
            to ignore the display setting.
            If you want access to the user's input that came from the prompt,
            use this class' Cmd, Args, Line, etc. properties.
            
            Can throw a MisformattedInputException.
            </summary>
            <param name="prompt"></param>
            <param name="includeCaret"></param>
            <returns></returns>
        </member>
        <member name="M:JTConsole.Input.OptionPrompt(System.String,System.String[])">
            <summary>
            Prompts the user for input, and lists the provided options in ascending order.
            The user must respond to the prompt by providing a number, which corresponds
            to the number of the option. Counting starts at ONE, NOT 0. 0 is reserved
            for the way for the user to leave the option prompt, as the option prompt
            loops until valid input is given, or until the user leaves the prompt. Once
            a valid number is given, that number is returned, allowing you to then 
            perform actions based on the user's choice. An OptionPrompt is employed
            best in a switch statement.
            
            Note: This class' Arg, Cmd, etc properties are not set on an OptionPrompt
            since an OptionPrompt doesn't require the user to submit a line or valid
            command.
            </summary>
            <param name="prompt"></param>
            <param name="options"></param>
            <returns></returns>
        </member>
        <member name="M:JTConsole.Input.OptionPrompt(System.String,System.Boolean,System.String[])">
            <summary>
            Like the OptionPrompt method, but you can force hiding/showing the Caret
            to ignore the display setting.
            </summary>
            <param name="prompt"></param>
            <param name="includeCaret"></param>
            <param name="options"></param>
            <returns></returns>
        </member>
        <member name="M:JTConsole.Input.ConfirmationPrompt(System.String)">
            <summary>
            A prompt that returns true if the user replies with the Input Settings' AffirmativeString
            (or the first character of that string), and false if they reply with the Input Settings'
            NegativeString (or the first character of that string). Case doesn't matter in this
            check. The confirmation prompt will endlessly loop until the user gives an appropriate response.
            Your prompt for this should always be a yes or no question.
            </summary>
            <param name="prompt"></param>
            <returns></returns>
        </member>
        <member name="M:JTConsole.Input.ConfirmationPrompt(System.String,System.Boolean)">
            <summary>
            Like the ConfirmationPrompt method, but you can force hiding/showing the Caret
            to ignore the display setting.
            </summary>
            <param name="prompt"></param>
            <param name="includeCaret"></param>
            <returns></returns>
        </member>
        <member name="T:JTConsole.InputSettings">
            <summary>
            Wrapper class for all settings concerning the Input
            class for JTConsole.
            </summary>
        </member>
        <member name="P:JTConsole.InputSettings.CommandsAreCaseSensitive">
            <summary>
            Whether commands are case sensitive. For example, if your program
            closes on the command "exit" and this setting is false, the user
            may submit "EXIT" or "eXit", etc, to close the program.
            </summary>
        </member>
        <member name="P:JTConsole.InputSettings.AffirmativeString">
            <summary>
            The affirmative string used in confirmation prompts.
            </summary>
        </member>
        <member name="P:JTConsole.InputSettings.NegativeString">
            <summary>
            The negative string used in confirmation prompts.
            </summary>
        </member>
        <member name="T:JTConsole.JTConsoleControl">
            <summary>
            JTConsole is a console application framework developed
            by Joshua Truitt. It serves to streamline the creation
            of console applications by providing methods that
            allow you to hit the ground running and not have to
            worry about setting up complicated input interpretation
            methods. Methods for input gathering can be found in the 
            Input class. It also 
            provides the Display class, which provides write methods
            that allow you to be more precise with the presentation
            of your text than the basic methods present in the
            Console class. Display's write methods also handle things
            like word wrapping and text indentation. Many of JTConsole's
            operations are also configurable, via the InputSettings
            and DisplaySettings classes. You can also use this class,
            JTConsoleControl, to save and load settings for the
            framework. The settings are saved as an XML file located
            at: /JTConsole/data/settings.xml. You can directly edit
            this XML file to change the settings, or you can change
            the values of the properties via your code by accessing
            the public properties of the Settings classes.
            </summary>
        </member>
        <member name="M:JTConsole.JTConsoleControl.SaveSettings">
            <summary>
            Saves JTConsole's current settings configuration. 
            Saves as an XML file at
            /JTConsole/data/settings.xml.
            </summary>
        </member>
        <member name="M:JTConsole.JTConsoleControl.LoadSettings">
            <summary>
            Loads the saved settings for JTConsole and applies them.
            </summary>
        </member>
        <member name="T:JTConsole.MisformattedInputException">
            <summary>
            An exception used when input received isn't formatted
            correctly and therefore cannot be parsed for a command
            and args.
            </summary>
        </member>
    </members>
</doc>
