﻿<?xml version="1.0" encoding="utf-8" ?>
<english>
  <general>
    <gameTitle string="Galactic Assault" />
    <storyModeName string="Story (in development)" />
    <survivalModeName string="Survival" />
    <settings string="Settings" />
    <quit string="Quit" />
    <quitToMain string="Quit to Main Menu" />
    <quitToDesktop string="Quit to Desktop" />
    <confirmQuit string="Are you sure you want to quit the game?" />
    <confirmQuitToMain string="Are you sure you want to return to the main menu?" />
    <yes string="Yes" />
    <no string="No" />
    <cancel string="Cancel" />
    <accept string="Accept" />
    <back string="Back" />
    <death string="You died" />
    <credits string="Credits" />
    <metal string="Metal" />
  </general>
  <mainMenu>
    <start string="Press any button to begin" />
  </mainMenu>
  <settingsMenu>
    <audio string="Audio" />
    <masterVolume string="Master Volume" />
    <musicVolume string="Music Volume" />
    <soundVolume string="Sound Volume" />
    <revert string="Revert" />
  </settingsMenu>
  <pauseMenu>
    <paused string="PAUSED" />
    <resume string="Resume" />
  </pauseMenu>
  <survivalDeathMenu>
    <playAgain string="Play Again" />
  </survivalDeathMenu>
  <survival>
    <integrity string="Integrity" />
    <gunHeat string="Heat" />
    <cooling string="COOLING" />
    <spawnersDestroyed string="Portals Destroyed" />
    <enemiesKilled string="Enemies Killed" />
    <survivalWave string="Wave" />
  </survival>
  <buttonHints>
    <shoot string="Shoot" />
    <changeWeapon string="Change Weapon" />
  </buttonHints>
</english>